,Name,Full Name,TEM,Type,Energy Flow
0,C1_TEM1_CCL_UPS_System_A,CT1_TEM1.C1_TEM1_CCL_UPS_System_A#Real Energy Into the Load#kWh,TEM1,UPS,Outgoing
1,C1_TEM1_CCL_UPS_System_B,CT1_TEM1.C1_TEM1_CCL_UPS_System_B#Real Energy Into the Load#kWh,TEM1,UPS,Outgoing
2,C1_TEM1_CCL_UPS_System_C,CT1_TEM1.C1_TEM1_CCL_UPS_System_C#Real Energy Into the Load#kWh,TEM1,UPS,Outgoing
3,C1_TEM1_Generator_A_Supply,CT1_TEM1.C1_TEM1_Generator_A_Supply#Real Energy Into the Load#kWh,TEM1,Generator,Incoming
4,C1_TEM1_Generator_B_Supply,CT1_TEM1.C1_TEM1_Generator_B_Supply#Real Energy Into the Load#kWh,TEM1,Generator,Incoming
5,C1_TEM1_Generator_C_Supply,CT1_TEM1.C1_TEM1_Generator_C_Supply#Real Energy Into the Load#kWh,TEM1,Generator,Incoming
6,C1_TEM1_HVAC_System_A,CT1_TEM1.C1_TEM1_HVAC_System_A#Real Energy Into the Load#kWh,TEM1,HVAC,Outgoing
7,C1_TEM1_HVAC_System_B,CT1_TEM1.C1_TEM1_HVAC_System_B#Real Energy Into the Load#kWh,TEM1,HVAC,Outgoing
8,C1_TEM1_HVAC_System_C,CT1_TEM1.C1_TEM1_HVAC_System_C#Real Energy Into the Load#kWh,TEM1,HVAC,Outgoing
9,C1_TEM1_Main_Incomer_HT,CT1_TEM1.C1_TEM1_Main_Incomer_HT#Real Energy Into the Load#kWh,TEM1,Mains,Incoming
10,C_TEM_2_DB_UPS_A3,CT1_TEM2.C_TEM_2_DB_UPS_A3#Real Energy Into the Load#kWh,TEM2,HVAC,Outgoing
11,C_TEM_2_DB_UPS_B3,CT1_TEM2.C_TEM_2_DB_UPS_B3#Real Energy Into the Load#kWh,TEM2,HVAC,Outgoing
12,C_TEM_2_HVAC_A_Supply,CT1_TEM2.C_TEM_2_HVAC_A_Supply#Real Energy Into the Load#kWh,TEM2,HVAC,Outgoing
13,C_TEM_2_HVAC_B_Supply,CT1_TEM2.C_TEM_2_HVAC_B_Supply#Real Energy Into the Load#kWh,TEM2,HVAC,Outgoing
14,C_TEM_2_MLV_A,CT1_TEM2.C_TEM_2_MLV_A#Real Energy Into the Load#kWh,TEM2,Mains,Incoming
15,C_TEM_2_MLV_A_UPS,CT1_TEM2.C_TEM_2_MLV_A_UPS#Real Energy Into the Load#kWh,TEM2,UPS,Outgoing
16,C_TEM_2_MLV_B,CT1_TEM2.C_TEM_2_MLV_B#Real Energy Into the Load#kWh,TEM2,Mains,Incoming
